inject_id,status,artefact_refs,evidence_refs,notes
INJ-001,addressed,submission/artefacts/01_BUSINESS_CASE.md,EVID-001;EVID-002,Board catastrophe target treated as unverified board demand pending independent baseline; captured in Business Case KPI tree and stop conditions.
INJ-002,addressed,submission/artefacts/01_BUSINESS_CASE.md;submission/artefacts/02_DMAIC_WORKBOOK.md,EVID-003;EVID-004,No-AI alternative recorded as a required comparator option in the Business Case and analysed as a DMAIC Improve-phase option.
INJ-003,addressed,submission/artefacts/03_STAKEHOLDER_DECISION_RIGHTS.md,EVID-005;EVID-006,Mutual-versus-shareholder tension captured as a stakeholder objection/escalation path.
INJ-004,addressed,submission/artefacts/03_STAKEHOLDER_DECISION_RIGHTS.md,EVID-005;EVID-007,Acquisition integration captured as a decision-rights and identifier-mapping risk.
INJ-005,addressed,submission/artefacts/03_STAKEHOLDER_DECISION_RIGHTS.md;submission/artefacts/04_PRODUCT_SERVICE_BLUEPRINT.md,EVID-008;EVID-009;EVID-025;EVID-026,Prohibited-autonomy list enforced as explicit prohibited actions in the service blueprint and decision-rights matrix.
INJ-006,addressed,submission/artefacts/01_BUSINESS_CASE.md,EVID-010;EVID-011,Value-leakage cost lines (complaints, appeals, litigation, model change) added back into the cost/value-leakage table.
INJ-007,addressed,submission/artefacts/05_DDD_CONTEXT_MAP.md;submission/artefacts/06_DATA_GOVERNANCE_LINEAGE.md;submission/artefacts/07_ONTOLOGY_SEMANTIC_LAYER.md,EVID-012;EVID-013;EVID-024,Policy-version collision modelled as a versioned wording concept with explicit authority ranking (signed schedule/approved wording over marketing summary).
INJ-008,addressed,submission/artefacts/05_DDD_CONTEXT_MAP.md;submission/artefacts/07_ONTOLOGY_SEMANTIC_LAYER.md,EVID-013;EVID-014;EVID-024,Endorsement timing conflict (END-771 issued after loss window) modelled with distinct requested_at/issued_at/effective_at/premium_received_at temporal facts; no coverage conclusion drawn.
INJ-009,partially-addressed,submission/artefacts/03_STAKEHOLDER_DECISION_RIGHTS.md,EVID-015;EVID-016,Binder authority ambiguity captured as an escalation trigger; full delegated-authority limit reconciliation deferred as an open issue.
INJ-010,partially-addressed,submission/artefacts/06_DATA_GOVERNANCE_LINEAGE.md,EVID-017,Cancellation/reinstatement/billing out-of-order events captured as a data-quality and event-ordering risk; root-cause system fix deferred as an open issue.
INJ-011,partially-addressed,submission/artefacts/05_DDD_CONTEXT_MAP.md,EVID-018;EVID-019,Master-policy versus certificate benefit mismatch captured as a bounded-context ownership conflict; underlying schedule/certificate text not attached.
INJ-012,addressed,submission/artefacts/07_ONTOLOGY_SEMANTIC_LAYER.md,EVID-020;EVID-021;EVID-024,Parametric trigger wording conflict modelled with signed index/station as controlling concept and marketing brochure as non-authoritative annotation.
INJ-013,not-yet-addressed,,,Protected-proxy pricing (D03) deferred to templates 15/18 (actuarial model risk; responsible AI and fairness), out of scope for this pass (templates 01-07).
INJ-014,not-yet-addressed,,,Telematics firmware drift (D03) deferred to template 15 (actuarial model risk), out of scope for this pass.
INJ-015,not-yet-addressed,,,Catastrophe model version split (D03) deferred to templates 10/15, out of scope for this pass.
INJ-016,not-yet-addressed,,,Clinical underwriting conflict (D03) deferred to templates 15/17 (privacy/cross-border), out of scope for this pass.
INJ-017,not-yet-addressed,,,Unapproved external data (D03) deferred to template 06 follow-up pass and template 17, out of scope for this pass.
INJ-018,not-yet-addressed,,,Renewal price walking risk (D03) deferred to templates 15/18, out of scope for this pass.
INJ-019,not-yet-addressed,,,Sparse specialty portfolio (cyber) deferred to template 15, out of scope for this pass.
INJ-020,addressed,submission/artefacts/03_STAKEHOLDER_DECISION_RIGHTS.md,EVID-022;EVID-023,Underwriter override opacity captured as a decision-rights transparency gap and escalation trigger.
INJ-021,partially-addressed,submission/artefacts/05_DDD_CONTEXT_MAP.md;submission/artefacts/07_ONTOLOGY_SEMANTIC_LAYER.md,EVID-027,Duplicate catastrophe claims (same loss_event_id across household/SME policies for one party) modelled as an identity-and-claim-linkage ontology concern; ring/duplicate determination left as an unresolved analytical question, not a claim decision.
INJ-022,partially-addressed,submission/artefacts/07_ONTOLOGY_SEMANTIC_LAYER.md,EVID-028,Coverage temporal ambiguity (sensor vs local operator report, 35-minute disputed window) modelled with distinct occurred_start/normalized_start_utc facts and explicit disputed_window status preserved rather than resolved.
