source_id,title,url,verification_status,checked_on
SRC-01,IAIS Application Paper on supervision of artificial intelligence,https://www.iais.org/2025/07/the-iais-publishes-application-paper-on-the-supervision-of-artificial-intelligence/,official,2026-08-01
SRC-02,EIOPA Opinion on AI governance and risk management,https://www.eiopa.europa.eu/publications/opinion-artificial-intelligence-governance-and-risk-management_en,official,2026-08-01
SRC-03,NAIC Artificial Intelligence insurance topic and Model Bulletin,https://content.naic.org/insurance-topics/artificial-intelligence,official,2026-08-01
SRC-04,"IRDAI Information and Cyber Security Guidelines, 2023",https://irdai.gov.in/,official portal,2026-08-01
SRC-05,FCA PS21/11 General insurance pricing practices,https://www.fca.org.uk/publications/policy-statements/ps21-11-general-insurance-pricing-practices-amendments,official,2026-08-01
SRC-06,EU AI Act,https://digital-strategy.ec.europa.eu/en/factpages/ai-act,official,2026-08-01
SRC-07,Digital Operational Resilience Regulation,https://finance.ec.europa.eu/regulation-and-supervision/financial-services-legislation/implementing-and-delegated-acts/digital-operational-resilience-regulation_en,official,2026-08-01
SRC-08,Solvency II,https://finance.ec.europa.eu/regulation-and-supervision/financial-services-legislation/implementing-and-delegated-acts/solvency-2_en,official,2026-08-01
SRC-09,ISO/IEC 42001:2023,https://www.iso.org/standard/42001,official,2026-08-01
